{
  "sequence_key": "20200813-subject-02/20200813_150608/840412060917",
  "frame_index": 24,
  "object_class_name": "006_mustard_bottle",
  "hand_side": "right",
  "faces_identical_to_canonical": true,
  "bridge_vertices": 778,
  "bridge_faces": 1538,
  "bridge_bbox_center": [
    0.3649537265300751,
    -0.03201696276664734,
    0.9074240922927856
  ],
  "bridge_bbox_scale": 6.330101657073001,
  "normalized_direct_vertex_residual": {
    "mean": 0.20679068565368652,
    "median": 0.18237416446208954,
    "p95": 0.45422682315111157,
    "max": 0.5921676158905029,
    "rms": 0.24110522866249084
  },
  "best_rigid_similarity": {
    "scale": 0.9483039379119873,
    "rotation_det": 1.0,
    "translation": [
      -0.010576128959655762,
      0.03383727744221687,
      0.03989274799823761
    ],
    "residual": {
      "mean": 0.13502085208892822,
      "median": 0.11895370483398438,
      "p95": 0.2794678583741188,
      "max": 0.40559208393096924,
      "rms": 0.1556193232536316
    }
  },
  "best_sign_flip_similarity": {
    "signs": [
      -1.0,
      -1.0,
      1.0
    ],
    "scale": 0.9483039379119873,
    "rotation_det": 1.0,
    "translation": [
      -0.010576128959655762,
      0.03383727744221687,
      0.03989274799823761
    ],
    "residual": {
      "mean": 0.13502085208892822,
      "median": 0.11895370483398438,
      "p95": 0.2794678583741188,
      "max": 0.40559208393096924,
      "rms": 0.1556193232536316
    }
  },
  "pairwise_distance_rms": 0.09604430943727493,
  "artifacts": {
    "overlay_png": "overlay.png"
  }
}