{
  "sequence_key": "20200709-subject-01/20200709_151110/841412060263",
  "frame_index": 38,
  "object_class_name": "025_mug",
  "hand_side": "left",
  "faces_identical_to_canonical": false,
  "bridge_vertices": 778,
  "bridge_faces": 1538,
  "bridge_bbox_center": [
    -0.2640736699104309,
    0.04429083317518234,
    0.8288329243659973
  ],
  "bridge_bbox_scale": 7.016022588140439,
  "normalized_direct_vertex_residual": {
    "mean": 0.49524301290512085,
    "median": 0.5118930339813232,
    "p95": 0.8170232474803925,
    "max": 0.9811025261878967,
    "rms": 0.5394492149353027
  },
  "best_rigid_similarity": {
    "scale": 0.7686596512794495,
    "rotation_det": 0.9999999403953552,
    "translation": [
      0.08973883837461472,
      0.03560208901762962,
      0.05031519755721092
    ],
    "residual": {
      "mean": 0.19816091656684875,
      "median": 0.18416203558444977,
      "p95": 0.3691632702946663,
      "max": 0.45978015661239624,
      "rms": 0.21836811304092407
    }
  },
  "best_sign_flip_similarity": {
    "signs": [
      -1.0,
      -1.0,
      -1.0
    ],
    "scale": 0.7686596512794495,
    "rotation_det": 0.9999999403953552,
    "translation": [
      0.09450079500675201,
      0.050441011786460876,
      0.04079405218362808
    ],
    "residual": {
      "mean": 0.1438540369272232,
      "median": 0.1322801411151886,
      "p95": 0.3111519336700439,
      "max": 0.38656583428382874,
      "rms": 0.16015245020389557
    }
  },
  "pairwise_distance_rms": 0.12310486286878586,
  "artifacts": {
    "overlay_png": "overlay.png"
  }
}