{
  "sequence_key": "20200820-subject-03/20200820_142319/932122060857",
  "frame_index": 37,
  "object_class_name": "019_pitcher_base",
  "hand_side": "right",
  "gt_vertices": 778,
  "gt_faces": 1538,
  "active_voxels": 1697107,
  "latent_tokens": 1693,
  "pred_vertices": 1697107,
  "pred_faces": 5194598,
  "pred_to_gt_vertex_ratio": 2181.3714652956296,
  "seconds": 14.860479593276978,
  "artifacts": {
    "point_compare_png": "point_compare.png"
  }
}