{
  "sequence_filter": "20200709-subject-01/20200709_141754",
  "sequence_key": "20200709-subject-01/20200709_141754/836212060125",
  "camera_serial": "836212060125",
  "frame_index": 30,
  "requested_frame_index": 30,
  "seed": 0,
  "max_steps": 80,
  "device": "cuda",
  "lr": 0.0001,
  "kl_weight": 1e-06,
  "loss_mode": "trellis_geometry",
  "train_initial_total_loss": 6.686710834503174,
  "train_final_total_loss": 0.1083466038107872,
  "eval_hand_geo_loss": 0.041310716420412064,
  "eval_object_geo_loss": 0.06356623023748398,
  "pred_hand_vertices": 12,
  "pred_object_vertices": 9,
  "hand_world_range_gt": [
    [
      0.19831416010856628,
      -0.03888672590255737,
      0.8380957245826721
    ],
    [
      0.3430613875389099,
      0.12691819667816162,
      0.9742436408996582
    ]
  ],
  "hand_world_range_pred": [
    [
      -0.2391619086265564,
      -0.6064010262489319,
      0.7641484141349792
    ],
    [
      0.16955235600471497,
      0.0005911961197853088,
      1.203529715538025
    ]
  ],
  "object_world_range_gt": [
    [
      0.16221600770950317,
      -0.05715952813625336,
      0.840332567691803
    ],
    [
      0.2744220793247223,
      0.10890278965234756,
      1.0115691423416138
    ]
  ],
  "object_world_range_pred": [
    [
      -0.1858072280883789,
      0.6219692230224609,
      0.9666188359260559
    ],
    [
      0.10605180263519287,
      0.7591742873191833,
      1.1119215488433838
    ]
  ],
  "artifacts": [
    "loss_curve.png",
    "overlay.png",
    "overlay_gt.png",
    "overlay_pred.png",
    "overlay_compare.png",
    "world_scene_compare.png",
    "hand_world_scatter.png",
    "object_world_scatter.png",
    "hand_gt_world.ply",
    "hand_pred_world.ply",
    "object_gt_world.ply",
    "object_pred_world.ply"
  ]
}