{
  "experiment_id": "P0-DEXYCB-5SEQ-OFFICIALIZED-001",
  "samples": [
    {
      "sequence_key": "20200908-subject-05/20200908_145353/840412060917",
      "frame_index": 40,
      "object_class_name": "009_gelatin_box",
      "hand_side": "left",
      "results": {
        "hand": {
          "gt_vertices": 778,
          "gt_faces": 1538,
          "active_voxels": 1474276,
          "pred_vertices": 1474276,
          "pred_faces": 4385766,
          "latent_tokens": 1603,
          "scale": 6.803805540699634,
          "seconds": 34.50538635253906,
          "pred_to_gt_vertex_ratio": 1894.956298200514
        },
        "object": {
          "gt_vertices": 7866,
          "gt_faces": 15728,
          "active_voxels": 157114,
          "pred_vertices": 157114,
          "pred_faces": 314300,
          "latent_tokens": 597,
          "scale": 8.847176099583574,
          "seconds": 1.9692659378051758,
          "pred_to_gt_vertex_ratio": 19.973811339944064
        }
      }
    },
    {
      "sequence_key": "20200709-subject-01/20200709_151110/841412060263",
      "frame_index": 38,
      "object_class_name": "025_mug",
      "hand_side": "left",
      "results": {
        "hand": {
          "gt_vertices": 778,
          "gt_faces": 1538,
          "active_voxels": 1566530,
          "pred_vertices": 1566530,
          "pred_faces": 4740796,
          "latent_tokens": 1570,
          "scale": 7.016022588140439,
          "seconds": 12.359475374221802,
          "pred_to_gt_vertex_ratio": 2013.53470437018
        },
        "object": {
          "gt_vertices": 7860,
          "gt_faces": 15728,
          "active_voxels": 361012,
          "pred_vertices": 361012,
          "pred_faces": 722758,
          "latent_tokens": 953,
          "scale": 8.028580759858457,
          "seconds": 42.172850131988525,
          "pred_to_gt_vertex_ratio": 45.93027989821883
        }
      }
    },
    {
      "sequence_key": "20200820-subject-03/20200820_142319/932122060857",
      "frame_index": 37,
      "object_class_name": "019_pitcher_base",
      "hand_side": "right",
      "results": {
        "hand": {
          "gt_vertices": 778,
          "gt_faces": 1538,
          "active_voxels": 1697107,
          "pred_vertices": 1697107,
          "pred_faces": 5194626,
          "latent_tokens": 1693,
          "scale": 6.953860181406239,
          "seconds": 13.174739599227905,
          "pred_to_gt_vertex_ratio": 2181.3714652956296
        },
        "object": {
          "gt_vertices": 7864,
          "gt_faces": 15728,
          "active_voxels": 202885,
          "pred_vertices": 202885,
          "pred_faces": 406218,
          "latent_tokens": 732,
          "scale": 3.935180588743732,
          "seconds": 2.2516300678253174,
          "pred_to_gt_vertex_ratio": 25.799211597151576
        }
      }
    },
    {
      "sequence_key": "20200709-subject-01/20200709_150052/932122060857",
      "frame_index": 39,
      "object_class_name": "019_pitcher_base",
      "hand_side": "left",
      "results": {
        "hand": {
          "gt_vertices": 778,
          "gt_faces": 1538,
          "active_voxels": 1804828,
          "pred_vertices": 1804828,
          "pred_faces": 5626474,
          "latent_tokens": 1542,
          "scale": 7.693802591653416,
          "seconds": 14.386609554290771,
          "pred_to_gt_vertex_ratio": 2319.8303341902315
        },
        "object": {
          "gt_vertices": 7864,
          "gt_faces": 15728,
          "active_voxels": 197573,
          "pred_vertices": 197573,
          "pred_faces": 395660,
          "latent_tokens": 686,
          "scale": 3.8959790805868777,
          "seconds": 2.4418325424194336,
          "pred_to_gt_vertex_ratio": 25.12372838250254
        }
      }
    },
    {
      "sequence_key": "20200813-subject-02/20200813_150608/840412060917",
      "frame_index": 24,
      "object_class_name": "006_mustard_bottle",
      "hand_side": "right",
      "results": {
        "hand": {
          "gt_vertices": 778,
          "gt_faces": 1538,
          "active_voxels": 1474122,
          "pred_vertices": 1474122,
          "pred_faces": 4910834,
          "latent_tokens": 1244,
          "scale": 6.330101657073001,
          "seconds": 12.448453426361084,
          "pred_to_gt_vertex_ratio": 1894.758354755784
        },
        "object": {
          "gt_vertices": 7866,
          "gt_faces": 15728,
          "active_voxels": 176026,
          "pred_vertices": 176026,
          "pred_faces": 352136,
          "latent_tokens": 682,
          "scale": 6.178702055660087,
          "seconds": 2.2696516513824463,
          "pred_to_gt_vertex_ratio": 22.378082888380373
        }
      }
    }
  ],
  "code_paths": {
    "bridge_code_path": "/mnt/afs/haonan/hoi3r/HOI3R/.worktrees/feat-pure-stream3r-trellis-migration/stream3r/data/dexycb_toolkit_bridge.py",
    "official_dual_grid_reference": "/mnt/afs/haonan/hoi3r/HOI3R/TRELLIS.2-main/data_toolkit/dual_grid.py",
    "official_encode_reference": "/mnt/afs/haonan/hoi3r/HOI3R/TRELLIS.2-main/data_toolkit/encode_shape_latent.py",
    "official_decoder_reference": "/mnt/afs/haonan/hoi3r/HOI3R/TRELLIS.2-main/trellis2/datasets/structured_latent_shape.py",
    "official_decoder_impl": "/mnt/afs/haonan/hoi3r/HOI3R/TRELLIS.2-main/trellis2/models/sc_vaes/fdg_vae.py",
    "temporary_batch_script": "/mnt/afs/haonan/hoi3r/HOI3R/TRELLIS.2-main/tmp_phase0_officialized_batch5.py"
  },
  "weight_paths": {
    "shape_encoder": "/mnt/afs/haonan/TRELLIS.2-4B/ckpts/shape_enc_next_dc_f16c32_fp16",
    "shape_decoder": "/mnt/afs/haonan/TRELLIS.2-4B/ckpts/shape_dec_next_dc_f16c32_fp16"
  },
  "total_seconds": 141.05095887184143
}