{
  "sequence_key": "20200813-subject-02/20200813_150608/840412060917",
  "frame_index": 24,
  "object_class_name": "006_mustard_bottle",
  "hand_side": "right",
  "gt_vertices": 778,
  "gt_faces": 1538,
  "active_voxels": 1474122,
  "latent_tokens": 1244,
  "pred_vertices": 1474122,
  "pred_faces": 4910912,
  "pred_to_gt_vertex_ratio": 1894.758354755784,
  "seconds": 18.04949140548706,
  "artifacts": {
    "point_compare_png": "point_compare.png"
  }
}