{
  "gt": {
    "verts": 778,
    "faces": 1538,
    "watertight": false,
    "components": 1,
    "euler": 1,
    "extents": [
      0.1445768028497696,
      0.15435267239809036,
      0.08941620588302612
    ],
    "area": 0.042696131910424734,
    "volume": 0.0001740226130430953,
    "degenerate_lt_1e-12": 0,
    "degenerate_lt_1e-10": 0,
    "degenerate_lt_1e-8": 0
  },
  "encode": {
    "center": [
      0.04073019325733185,
      -0.03869627043604851,
      0.7817150354385376
    ],
    "scale": 6.478605344067519,
    "active_voxels": 178037,
    "intersections_total": 177862,
    "intersections_xyz": [
      53399,
      55018,
      69445
    ],
    "latent_tokens": 676,
    "seconds": 57.512786865234375
  },
  "pred": {
    "verts": 178037,
    "faces": 355808,
    "watertight": false,
    "components": 271,
    "euler": -10,
    "extents": [
      0.14456605911254883,
      0.1543668694794178,
      0.08940660953521729
    ],
    "area": 0.042724766174965234,
    "volume": -0.0003440733397271206,
    "degenerate_lt_1e-12": 0,
    "degenerate_lt_1e-10": 0,
    "degenerate_lt_1e-8": 1198
  }
}