{
  "gt": {
    "verts": 779,
    "faces": 1554,
    "watertight": true,
    "components": 1,
    "euler": 2,
    "extents": [
      0.1445768028497696,
      0.15435267239809036,
      0.08941620588302612
    ],
    "area": 0.04481054406314931,
    "volume": 0.00019949609582711118,
    "degenerate_lt_1e-12": 0,
    "degenerate_lt_1e-10": 0,
    "degenerate_lt_1e-8": 0
  },
  "encode": {
    "center": [
      0.04073019325733185,
      -0.03869627043604851,
      0.7817150354385376
    ],
    "scale": 6.478605344067519,
    "active_voxels": 186058,
    "intersections_total": 186101,
    "intersections_xyz": [
      58246,
      58125,
      69730
    ],
    "latent_tokens": 698,
    "seconds": 0.6038186550140381
  },
  "pred": {
    "verts": 186058,
    "faces": 372290,
    "watertight": false,
    "components": 299,
    "euler": -8,
    "extents": [
      0.14459089934825897,
      0.15437233075499535,
      0.08940666913986206
    ],
    "area": 0.044841046322868214,
    "volume": -0.00038715886269353317,
    "degenerate_lt_1e-12": 0,
    "degenerate_lt_1e-10": 0,
    "degenerate_lt_1e-8": 1188
  }
}