{
  "sequence_key": "20200908-subject-05/20200908_145353/840412060917",
  "frame_index": 40,
  "object_class_name": "009_gelatin_box",
  "hand_side": "left",
  "gt_vertices": 778,
  "gt_faces": 1538,
  "active_voxels": 1474276,
  "latent_tokens": 1603,
  "pred_vertices": 1474276,
  "pred_faces": 4385792,
  "pred_to_gt_vertex_ratio": 1894.956298200514,
  "seconds": 55.74750590324402,
  "artifacts": {
    "point_compare_png": "point_compare.png"
  }
}