{
  "sequence_key": "20200908-subject-05/20200908_145353/840412060917",
  "frame_index": 40,
  "object_class_name": "009_gelatin_box",
  "hand_side": "left",
  "faces_identical_to_canonical": false,
  "bridge_vertices": 778,
  "bridge_faces": 1538,
  "bridge_bbox_center": [
    0.13448479771614075,
    0.01755807176232338,
    0.8798654079437256
  ],
  "bridge_bbox_scale": 6.803805540699634,
  "normalized_direct_vertex_residual": {
    "mean": 0.5089956521987915,
    "median": 0.5080093741416931,
    "p95": 0.765068033337593,
    "max": 0.9332866668701172,
    "rms": 0.5326652526855469
  },
  "best_rigid_similarity": {
    "scale": 0.7399047613143921,
    "rotation_det": 0.9999999403953552,
    "translation": [
      -0.022764232009649277,
      -0.0026948675513267517,
      0.04683629423379898
    ],
    "residual": {
      "mean": 0.2054242342710495,
      "median": 0.1843516081571579,
      "p95": 0.3835089564323425,
      "max": 0.4851050078868866,
      "rms": 0.22658294439315796
    }
  },
  "best_sign_flip_similarity": {
    "signs": [
      -1.0,
      -1.0,
      -1.0
    ],
    "scale": 0.7399047613143921,
    "rotation_det": 0.9999999403953552,
    "translation": [
      -0.018957026302814484,
      0.002819553017616272,
      0.04531512409448624
    ],
    "residual": {
      "mean": 0.14859935641288757,
      "median": 0.14194124937057495,
      "p95": 0.28772813081741333,
      "max": 0.35143229365348816,
      "rms": 0.1613258421421051
    }
  },
  "pairwise_distance_rms": 0.1305781602859497,
  "artifacts": {
    "overlay_png": "overlay.png"
  }
}