{
  "sequence_key": "20200820-subject-03/20200820_142319/932122060857",
  "frame_index": 37,
  "object_class_name": "019_pitcher_base",
  "hand_side": "right",
  "faces_identical_to_canonical": true,
  "bridge_vertices": 778,
  "bridge_faces": 1538,
  "bridge_bbox_center": [
    0.15330877900123596,
    0.13046753406524658,
    0.4254745543003082
  ],
  "bridge_bbox_scale": 6.953860181406239,
  "normalized_direct_vertex_residual": {
    "mean": 0.5209149122238159,
    "median": 0.5335361957550049,
    "p95": 0.7743812590837478,
    "max": 0.9789634346961975,
    "rms": 0.5470081567764282
  },
  "best_rigid_similarity": {
    "scale": 0.7560205459594727,
    "rotation_det": 0.9999999403953552,
    "translation": [
      0.06429572403430939,
      0.022015735507011414,
      0.06127989664673805
    ],
    "residual": {
      "mean": 0.15986819565296173,
      "median": 0.14606265723705292,
      "p95": 0.3110624864697456,
      "max": 0.39448946714401245,
      "rms": 0.17599371075630188
    }
  },
  "best_sign_flip_similarity": {
    "signs": [
      -1.0,
      -1.0,
      1.0
    ],
    "scale": 0.7560205459594727,
    "rotation_det": 0.9999999403953552,
    "translation": [
      0.06429572403430939,
      0.022015735507011414,
      0.06127989664673805
    ],
    "residual": {
      "mean": 0.15986819565296173,
      "median": 0.14606265723705292,
      "p95": 0.3110624864697456,
      "max": 0.39448946714401245,
      "rms": 0.17599371075630188
    }
  },
  "pairwise_distance_rms": 0.1437852531671524,
  "artifacts": {
    "overlay_png": "overlay.png"
  }
}